grid_id,n_landslides,total_area_m2,mean_compactness,density_km2,HLD_norm,MAG_norm,CHAN_norm,LS_LRSI,risk_class
0_0,0.0,0.0,0.5849569002614328,0.0,0.0,0.0,0.4147260469151107,8.294520938302215,Low
0_1,0.0,0.0,0.5849569002614328,0.0,0.0,0.0,0.4147260469151107,8.294520938302215,Low
0_2,0.0,0.0,0.5849569002614328,0.0,0.0,0.0,0.4147260469151107,8.294520938302215,Low
0_3,0.0,0.0,0.5849569002614328,0.0,0.0,0.0,0.4147260469151107,8.294520938302215,Low
0_4,0.0,0.0,0.5849569002614328,0.0,0.0,0.0,0.4147260469151107,8.294520938302215,Low
0_5,0.0,0.0,0.5849569002614328,0.0,0.0,0.0,0.4147260469151107,8.294520938302215,Low
0_6,0.0,0.0,0.5849569002614328,0.0,0.0,0.0,0.4147260469151107,8.294520938302215,Low
0_7,0.0,0.0,0.5849569002614328,0.0,0.0,0.0,0.4147260469151107,8.294520938302215,Low
0_8,0.0,0.0,0.5849569002614328,0.0,0.0,0.0,0.4147260469151107,8.294520938302215,Low
0_9,1.0,2035.4060453666468,0.7933260652223849,1.0,0.02127659574422816,0.6741351989796831,0.14637305692908864,24.21534689518367,Medium
0_10,3.0,21788.255163918395,0.19078607434621034,3.0,0.06382978723268448,0.8838566829825757,0.922367951221979,48.15454887555107,Very High
0_11,1.0,1241.8453625683055,0.2796439486730176,1.0,0.02127659574422816,0.6304445413218667,0.8079303075146221,36.13577217715985,High
0_12,0.0,0.0,0.5849569002614328,0.0,0.0,0.0,0.4147260469151107,8.294520938302215,Low
0_13,0.0,0.0,0.5849569002614328,0.0,0.0,0.0,0.4147260469151107,8.294520938302215,Low
0_14,0.0,0.0,0.5849569002614328,0.0,0.0,0.0,0.4147260469151107,8.294520938302215,Low
0_15,0.0,0.0,0.5849569002614328,0.0,0.0,0.0,0.4147260469151107,8.294520938302215,Low
0_16,0.0,0.0,0.5849569002614328,0.0,0.0,0.0,0.4147260469151107,8.294520938302215,Low
0_17,0.0,0.0,0.5849569002614328,0.0,0.0,0.0,0.4147260469151107,8.294520938302215,Low
1_0,2.0,5316.594543169631,0.2756730045901509,2.0,0.04255319148845632,0.7590627733858214,0.8130443785812518,41.160430347622494,High
1_1,0.0,0.0,0.5849569002614328,0.0,0.0,0.0,0.4147260469151107,8.294520938302215,Low
1_2,0.0,0.0,0.5849569002614328,0.0,0.0,0.0,0.4147260469151107,8.294520938302215,Low
1_3,0.0,0.0,0.5849569002614328,0.0,0.0,0.0,0.4147260469151107,8.294520938302215,Low
1_4,0.0,0.0,0.5849569002614328,0.0,0.0,0.0,0.4147260469151107,8.294520938302215,Low
1_5,0.0,0.0,0.5849569002614328,0.0,0.0,0.0,0.4147260469151107,8.294520938302215,Low
1_6,0.0,0.0,0.5849569002614328,0.0,0.0,0.0,0.4147260469151107,8.294520938302215,Low
1_7,0.0,0.0,0.5849569002614328,0.0,0.0,0.0,0.4147260469151107,8.294520938302215,Low
1_8,0.0,0.0,0.5849569002614328,0.0,0.0,0.0,0.4147260469151107,8.294520938302215,Low
1_9,2.0,9597.75861258034,0.2710583427536028,2.0,0.04255319148845632,0.8113210583438706,0.8189874762648468,42.84704085003587,High
1_10,4.0,9882.32474746824,0.5826016457698843,4.0,0.08510638297691264,0.813906061337598,0.4177593152257242,37.02768729348806,High
1_11,9.0,14473.04999733395,0.6075583067548124,9.0,0.19148936169805345,0.8476624888698171,0.38561830915782547,42.716708934153694,High
1_12,0.0,0.0,0.5849569002614328,0.0,0.0,0.0,0.4147260469151107,8.294520938302215,Low
1_13,0.0,0.0,0.5849569002614328,0.0,0.0,0.0,0.4147260469151107,8.294520938302215,Low
1_14,1.0,3944.555577208748,0.6426487579858166,1.0,0.02127659574422816,0.7326571345496806,0.340426269781158,29.85206921932499,Medium
1_15,0.0,0.0,0.5849569002614328,0.0,0.0,0.0,0.4147260469151107,8.294520938302215,Low
1_16,0.0,0.0,0.5849569002614328,0.0,0.0,0.0,0.4147260469151107,8.294520938302215,Low
1_17,0.0,0.0,0.5849569002614328,0.0,0.0,0.0,0.4147260469151107,8.294520938302215,Low
2_0,0.0,0.0,0.5849569002614328,0.0,0.0,0.0,0.4147260469151107,8.294520938302215,Low
2_1,0.0,0.0,0.5849569002614328,0.0,0.0,0.0,0.4147260469151107,8.294520938302215,Low
2_2,0.0,0.0,0.5849569002614328,0.0,0.0,0.0,0.4147260469151107,8.294520938302215,Low
2_3,0.0,0.0,0.5849569002614328,0.0,0.0,0.0,0.4147260469151107,8.294520938302215,Low
2_4,0.0,0.0,0.5849569002614328,0.0,0.0,0.0,0.4147260469151107,8.294520938302215,Low
2_5,0.0,0.0,0.5849569002614328,0.0,0.0,0.0,0.4147260469151107,8.294520938302215,Low
2_6,0.0,0.0,0.5849569002614328,0.0,0.0,0.0,0.4147260469151107,8.294520938302215,Low
2_7,47.0,80966.3193415714,0.7059664455105377,47.0,0.9999999999787235,0.9999999999115186,0.25888113919792743,85.17762278024028,Very High
2_8,0.0,0.0,0.5849569002614328,0.0,0.0,0.0,0.4147260469151107,8.294520938302215,Low
2_9,0.0,0.0,0.5849569002614328,0.0,0.0,0.0,0.4147260469151107,8.294520938302215,Low
2_10,0.0,0.0,0.5849569002614328,0.0,0.0,0.0,0.4147260469151107,8.294520938302215,Low
2_11,0.0,0.0,0.5849569002614328,0.0,0.0,0.0,0.4147260469151107,8.294520938302215,Low
2_12,1.0,5464.798063016334,0.3855151031171146,1.0,0.02127659574422816,0.7614950490324867,0.6715817222828797,37.340315703843594,High
2_13,0.0,0.0,0.5849569002614328,0.0,0.0,0.0,0.4147260469151107,8.294520938302215,Low
2_14,0.0,0.0,0.5849569002614328,0.0,0.0,0.0,0.4147260469151107,8.294520938302215,Low
2_15,0.0,0.0,0.5849569002614328,0.0,0.0,0.0,0.4147260469151107,8.294520938302215,Low
2_16,0.0,0.0,0.5849569002614328,0.0,0.0,0.0,0.4147260469151107,8.294520938302215,Low
2_17,0.0,0.0,0.5849569002614328,0.0,0.0,0.0,0.4147260469151107,8.294520938302215,Low
3_0,0.0,0.0,0.5849569002614328,0.0,0.0,0.0,0.4147260469151107,8.294520938302215,Low
3_1,0.0,0.0,0.5849569002614328,0.0,0.0,0.0,0.4147260469151107,8.294520938302215,Low
3_2,0.0,0.0,0.5849569002614328,0.0,0.0,0.0,0.4147260469151107,8.294520938302215,Low
3_3,0.0,0.0,0.5849569002614328,0.0,0.0,0.0,0.4147260469151107,8.294520938302215,Low
3_4,0.0,0.0,0.5849569002614328,0.0,0.0,0.0,0.4147260469151107,8.294520938302215,Low
3_5,0.0,0.0,0.5849569002614328,0.0,0.0,0.0,0.4147260469151107,8.294520938302215,Low
3_6,6.0,847.5138656911824,0.8427617569476086,6.0,0.12765957446536896,0.5966736180005143,0.08270617181690287,25.937310699621936,Medium
3_7,13.0,12051.570765158393,0.7400383514099734,13.0,0.27659574467496606,0.8314633526575066,0.21500085669859792,43.07370494744546,Very High
3_8,5.0,24694.249896044414,0.39232794285347766,5.0,0.10638297872114079,0.8949340279629167,0.6628076509662758,45.42332279427006,Very High
3_9,6.0,2439.37466641331,0.8048549975845599,6.0,0.12765957446536896,0.6901472548828712,0.13152525796941028,29.717901529142793,Medium
3_10,7.0,16002.752424823582,0.5193681500124113,7.0,0.14893617020959712,0.8565518536323972,0.49919601751786147,43.127284469809,Very High
3_11,0.0,0.0,0.5849569002614328,0.0,0.0,0.0,0.4147260469151107,8.294520938302215,Low
3_12,1.0,1863.8985708560556,0.5032839863963439,1.0,0.02127659574422816,0.6663506125630605,0.5199103751273713,31.452555666650646,Medium
3_13,0.0,0.0,0.5849569002614328,0.0,0.0,0.0,0.4147260469151107,8.294520938302215,Low
3_14,0.0,0.0,0.5849569002614328,0.0,0.0,0.0,0.4147260469151107,8.294520938302215,Low
3_15,0.0,0.0,0.5849569002614328,0.0,0.0,0.0,0.4147260469151107,8.294520938302215,Low
3_16,1.0,19067.137516171195,0.16171763336393363,1.0,0.02127659574422816,0.8720534121570811,0.9598044071068408,46.421520294060656,Very High
3_17,1.0,1618.0483578099772,0.5885948006193579,1.0,0.02127659574422816,0.653842152696642,0.4100408938191459,28.87991224449359,Medium
4_0,0.0,0.0,0.5849569002614328,0.0,0.0,0.0,0.4147260469151107,8.294520938302215,Low
4_1,0.0,0.0,0.5849569002614328,0.0,0.0,0.0,0.4147260469151107,8.294520938302215,Low
4_2,0.0,0.0,0.5849569002614328,0.0,0.0,0.0,0.4147260469151107,8.294520938302215,Low
4_3,0.0,0.0,0.5849569002614328,0.0,0.0,0.0,0.4147260469151107,8.294520938302215,Low
4_4,0.0,0.0,0.5849569002614328,0.0,0.0,0.0,0.4147260469151107,8.294520938302215,Low
4_5,0.0,0.0,0.5849569002614328,0.0,0.0,0.0,0.4147260469151107,8.294520938302215,Low
4_6,0.0,0.0,0.5849569002614328,0.0,0.0,0.0,0.4147260469151107,8.294520938302215,Low
4_7,3.0,285.9682227996768,0.8967314087294751,3.0,0.06382978723268448,0.500749530415545,0.013200122652275326,18.47797772714608,Medium
4_8,0.0,0.0,0.5849569002614328,0.0,0.0,0.0,0.4147260469151107,8.294520938302215,Low
4_9,2.0,189.21528722010686,0.9069809619996922,2.0,0.04255319148845632,0.46436462411515983,1.2878728083975943e-09,16.058598323635067,Medium
4_10,6.0,5374.049863989485,0.6582310661846594,6.0,0.12765957446536896,0.7600136663927338,0.3203582381372878,35.59055347779621,High
4_11,2.0,8936.263230155626,0.49391954757366646,2.0,0.04255319148845632,0.8050030950661564,0.5319705816271073,36.91716405894965,High
4_12,4.0,17149.513059451398,0.3842669744983561,4.0,0.08510638297691264,0.8626752023409006,0.6731891532422242,43.599358283917134,Very High
4_13,1.0,1953.6725824487626,0.6366711546596363,1.0,0.02127659574422816,0.6705106607581147,0.34812466280313636,28.14164286601758,Medium
4_14,0.0,0.0,0.5849569002614328,0.0,0.0,0.0,0.4147260469151107,8.294520938302215,Low
4_15,0.0,0.0,0.5849569002614328,0.0,0.0,0.0,0.4147260469151107,8.294520938302215,Low
4_16,2.0,9204.777925309056,0.36029028605615787,2.0,0.04255319148845632,0.8076223153689326,0.7040680792802152,40.43769062109509,High
4_17,0.0,0.0,0.5849569002614328,0.0,0.0,0.0,0.4147260469151107,8.294520938302215,Low
5_0,0.0,0.0,0.5849569002614328,0.0,0.0,0.0,0.4147260469151107,8.294520938302215,Low
5_1,0.0,0.0,0.5849569002614328,0.0,0.0,0.0,0.4147260469151107,8.294520938302215,Low
5_2,0.0,0.0,0.5849569002614328,0.0,0.0,0.0,0.4147260469151107,8.294520938302215,Low
5_3,0.0,0.0,0.5849569002614328,0.0,0.0,0.0,0.4147260469151107,8.294520938302215,Low
5_4,0.0,0.0,0.5849569002614328,0.0,0.0,0.0,0.4147260469151107,8.294520938302215,Low
5_5,0.0,0.0,0.5849569002614328,0.0,0.0,0.0,0.4147260469151107,8.294520938302215,Low
5_6,1.0,2233.223965861321,0.47932839802744065,1.0,0.02127659574422816,0.6823380896638968,0.5507621269538674,32.54921501620566,High
5_7,7.0,8529.651843124646,0.6240147391085574,7.0,0.14893617020959712,0.8008830756022012,0.3644245167487722,38.76179111352134,High
5_8,0.0,0.0,0.5849569002614328,0.0,0.0,0.0,0.4147260469151107,8.294520938302215,Low
5_9,4.0,2273.0682184275156,0.6780872355841913,4.0,0.08510638297691264,0.683902127594172,0.29478601669544513,30.668103310579696,Medium
5_10,3.0,1950.6578781888334,0.7652423200157042,3.0,0.06382978723268448,0.6703740898602604,0.18254134986067794,26.95353905465559,Medium
5_11,2.0,8063.754988418415,0.578192476839826,2.0,0.04255319148845632,0.7959137397102185,0.42343776417452306,34.47382704921983,High
5_12,10.0,18965.771733465048,0.524217684455041,10.0,0.21276595744228158,0.8715817919920574,0.49295043378207337,46.64476030751727,Very High
5_13,1.0,4334.827423945349,0.3426537099408111,1.0,0.02127659574422816,0.7410029449581222,0.7267817467969818,37.829553071894715,High
5_14,10.0,36079.00780708489,0.4365090238247312,10.0,0.21276595744228158,0.9284798320418207,0.6059080363727622,50.61085356082394,Very High
5_15,0.0,0.0,0.5849569002614328,0.0,0.0,0.0,0.4147260469151107,8.294520938302215,Low
5_16,0.0,0.0,0.5849569002614328,0.0,0.0,0.0,0.4147260469151107,8.294520938302215,Low
5_17,0.0,0.0,0.5849569002614328,0.0,0.0,0.0,0.4147260469151107,8.294520938302215,Low
6_0,0.0,0.0,0.5849569002614328,0.0,0.0,0.0,0.4147260469151107,8.294520938302215,Low
6_1,0.0,0.0,0.5849569002614328,0.0,0.0,0.0,0.4147260469151107,8.294520938302215,Low
6_2,0.0,0.0,0.5849569002614328,0.0,0.0,0.0,0.4147260469151107,8.294520938302215,Low
6_3,0.0,0.0,0.5849569002614328,0.0,0.0,0.0,0.4147260469151107,8.294520938302215,Low
6_4,0.0,0.0,0.5849569002614328,0.0,0.0,0.0,0.4147260469151107,8.294520938302215,Low
6_5,0.0,0.0,0.5849569002614328,0.0,0.0,0.0,0.4147260469151107,8.294520938302215,Low
6_6,0.0,0.0,0.5849569002614328,0.0,0.0,0.0,0.4147260469151107,8.294520938302215,Low
6_7,1.0,2461.4810087863725,0.5478553778942687,1.0,0.02127659574422816,0.6909451633427295,0.4625080902041335,31.042346491575966,Medium
6_8,1.0,5387.4671169784415,0.37538692439926924,1.0,0.02127659574422816,0.7602342595198279,0.6846255286568024,37.56336814594229,High
6_9,1.0,3210.4280424422454,0.5549365629209598,1.0,0.02127659574422816,0.714441093947755,0.45338842427413417,31.564831091126745,Medium
6_10,16.0,37482.54309985271,0.5873121547529812,16.0,0.34042553190765057,0.931856557112694,0.4116927786044974,53.21082888085329,Very High
6_11,13.0,30139.907583922868,0.5989195681490478,13.0,0.27659574467496606,0.9125659428894827,0.3967439060521598,49.14164364147598,Very High
6_12,7.0,31422.23421145287,0.34787537752735725,7.0,0.14893617020959712,0.9162524577842731,0.7200569028891736,49.335520301791526,Very High
6_13,0.0,0.0,0.5849569002614328,0.0,0.0,0.0,0.4147260469151107,8.294520938302215,Low
6_14,5.0,11110.692812370631,0.6044994252618229,5.0,0.10638297872114079,0.8242715768424986,0.3895577595789589,37.83845143291118,High
6_15,0.0,0.0,0.5849569002614328,0.0,0.0,0.0,0.4147260469151107,8.294520938302215,Low
6_16,2.0,7876.2709514259905,0.30220018750213423,2.0,0.04255319148845632,0.7938324949766703,0.7788807399657645,41.520249223038206,High
6_17,0.0,0.0,0.5849569002614328,0.0,0.0,0.0,0.4147260469151107,8.294520938302215,Low
7_0,0.0,0.0,0.5849569002614328,0.0,0.0,0.0,0.4147260469151107,8.294520938302215,Low
7_1,0.0,0.0,0.5849569002614328,0.0,0.0,0.0,0.4147260469151107,8.294520938302215,Low
7_2,2.0,5765.537612515635,0.7029642110455327,2.0,0.04255319148845632,0.7662342663621867,0.26274763544977986,30.369640274284016,Medium
7_3,1.0,14377.794289724334,0.13050679376533544,1.0,0.02127659574422816,0.8470782555830162,1.0,46.4761774547019,Very High
7_4,0.0,0.0,0.5849569002614328,0.0,0.0,0.0,0.4147260469151107,8.294520938302215,Low
7_5,1.0,1158.8276228796096,0.5919638074897652,1.0,0.02127659574422816,0.6243276396227562,0.40570204134485255,27.907699802791143,Medium
7_6,0.0,0.0,0.5849569002614328,0.0,0.0,0.0,0.4147260469151107,8.294520938302215,Low
7_7,1.0,4362.626275074909,0.7291222954575135,1.0,0.02127659574422816,0.7415684268325011,0.22905934877081158,27.89206956760267,Medium
7_8,1.0,5152.133932690693,0.38990068986073106,1.0,0.02127659574422816,0.7562830405222991,0.6659336441917041,37.07099388671446,High
7_9,1.0,6301.466027413647,0.2953898228804459,1.0,0.02127659574422816,0.7740975403090479,0.7876516236493822,40.039788469470494,High
7_10,5.0,26249.414170872744,0.5273403984349638,5.0,0.10638297872114079,0.9003376671011433,0.4889287752341761,42.107854453774856,High
7_11,0.0,0.0,0.5849569002614328,0.0,0.0,0.0,0.4147260469151107,8.294520938302215,Low
7_12,0.0,0.0,0.5849569002614328,0.0,0.0,0.0,0.4147260469151107,8.294520938302215,Low
7_13,0.0,0.0,0.5849569002614328,0.0,0.0,0.0,0.4147260469151107,8.294520938302215,Low
7_14,3.0,6946.468200265217,0.6097078832934192,3.0,0.06382978723268448,0.7827188491348349,0.3828499278983092,34.33005339364546,High
7_15,4.0,16182.048135915531,0.48020598502510436,4.0,0.08510638297691264,0.8575376311930164,0.5496319064875137,40.9740862143864,High
7_16,0.0,0.0,0.5849569002614328,0.0,0.0,0.0,0.4147260469151107,8.294520938302215,Low
7_17,0.0,0.0,0.5849569002614328,0.0,0.0,0.0,0.4147260469151107,8.294520938302215,Low
8_0,0.0,0.0,0.5849569002614328,0.0,0.0,0.0,0.4147260469151107,8.294520938302215,Low
8_1,0.0,0.0,0.5849569002614328,0.0,0.0,0.0,0.4147260469151107,8.294520938302215,Low
8_2,0.0,0.0,0.5849569002614328,0.0,0.0,0.0,0.4147260469151107,8.294520938302215,Low
8_3,0.0,0.0,0.5849569002614328,0.0,0.0,0.0,0.4147260469151107,8.294520938302215,Low
8_4,0.0,0.0,0.5849569002614328,0.0,0.0,0.0,0.4147260469151107,8.294520938302215,Low
8_5,4.0,6932.933977314105,0.6388498248659612,4.0,0.08510638297691264,0.7825463120440486,0.3453188125989073,34.63808476214523,High
8_6,4.0,9513.539559336527,0.4524778854489777,4.0,0.08510638297691264,0.8105413002801733,0.5853421730678792,40.27840161860842,High
8_7,1.0,2447.549453586911,0.5962142425420338,1.0,0.02127659574422816,0.6904431555244305,0.4002280214473719,29.781684881891763,Medium
8_8,2.0,2899.699331865494,0.6048185682086356,2.0,0.04255319148845632,0.7054368781226878,0.3891467440430172,31.073700798963795,Medium
8_9,4.0,7631.9994621197675,0.5308062940091702,4.0,0.08510638297691264,0.7910452723130779,0.48446514242894834,37.675980166816935,High
8_10,5.0,38570.39045003662,0.5191013779573739,5.0,0.10638297872114079,0.9343879090547652,0.4995395860042421,43.34157792778483,Very High
8_11,3.0,1232.9630585400685,0.806349045301786,3.0,0.06382978723268448,0.6298099159594105,0.12960111448025946,24.67780913002173,Medium
8_12,0.0,0.0,0.5849569002614328,0.0,0.0,0.0,0.4147260469151107,8.294520938302215,Low
8_13,0.0,0.0,0.5849569002614328,0.0,0.0,0.0,0.4147260469151107,8.294520938302215,Low
8_14,0.0,0.0,0.5849569002614328,0.0,0.0,0.0,0.4147260469151107,8.294520938302215,Low
8_15,4.0,6613.843712379496,0.5880233607167793,4.0,0.08510638297691264,0.7783778476502353,0.41077683575413904,35.82219129343547,High
8_16,0.0,0.0,0.5849569002614328,0.0,0.0,0.0,0.4147260469151107,8.294520938302215,Low
8_17,0.0,0.0,0.5849569002614328,0.0,0.0,0.0,0.4147260469151107,8.294520938302215,Low
9_0,0.0,0.0,0.5849569002614328,0.0,0.0,0.0,0.4147260469151107,8.294520938302215,Low
9_1,2.0,11703.78254570132,0.35603056970765434,2.0,0.04255319148845632,0.8288725747711526,0.7095540523071142,41.184917863699674,High
9_2,1.0,1471.0301355860943,0.8491489053234463,1.0,0.02127659574422816,0.645419065837682,0.07448033684529554,21.916008499247777,Medium
9_3,0.0,0.0,0.5849569002614328,0.0,0.0,0.0,0.4147260469151107,8.294520938302215,Low
9_4,1.0,9392.37118729325,0.5918327049092531,1.0,0.02127659574422816,0.8094072455394178,0.4058708847986423,33.46346484936679,High
9_5,7.0,55861.87920040657,0.6013533206502235,7.0,0.14893617020959712,0.9671604985198755,0.3936095422862981,44.33381431180209,Very High
9_6,20.0,50581.98982992025,0.629972281897188,20.0,0.42553191488456316,0.9583756373358933,0.3567519591484273,57.1629040472735,Very High
9_7,1.0,1163.4225423415253,0.7007650957458212,1.0,0.02127659574422816,0.6246774864525492,0.26557981633466365,25.115750707481155,Medium
9_8,6.0,8464.794518553177,0.5697163104814489,6.0,0.12765957446536896,0.8002077933223827,0.4343539886855522,39.07629229665097,High
9_9,7.0,16906.88614212428,0.5136617916790782,7.0,0.14893617020959712,0.8614145235702229,0.5065450814783019,43.42014584715258,Very High
9_10,3.0,8203.870994944436,0.5629989231122073,3.0,0.06382978723268448,0.7974378039146296,0.44300512949022985,35.97472606887771,High
9_11,8.0,2768.4737062832755,0.8054305689998658,8.0,0.17021276595382528,0.7013406678919846,0.13078399517135297,32.16653823787786,Medium
9_12,7.0,6937.905292826106,0.5778126593555349,7.0,0.14893617020959712,0.7826097265093709,0.42392692079986904,39.40363872175837,High
9_13,15.0,12096.69819542789,0.6785313885077875,15.0,0.3191489361634224,0.8317940277482221,0.2942140042046314,46.79554772471041,Very High
9_14,1.0,765.5930386143884,0.4749174050347812,1.0,0.02127659574422816,0.5876900626439576,0.556442925063364,29.823390167797413,Medium
9_15,1.0,3135.9285922158883,0.39837168185075256,1.0,0.02127659574422816,0.7123642970183643,0.6550240836091874,35.53524036994609,High
9_16,1.0,959.4573674538777,0.6168435216426024,1.0,0.02127659574422816,0.6076385226831436,0.37366013301277,26.766188127961115,Medium
9_17,1.0,2513.7287384629776,0.7214052950699474,1.0,0.02127659574422816,0.6928028812945628,0.23899786404064394,26.62787350686117,Medium
10_0,0.0,0.0,0.5849569002614328,0.0,0.0,0.0,0.4147260469151107,8.294520938302215,Low
10_1,0.0,0.0,0.5849569002614328,0.0,0.0,0.0,0.4147260469151107,8.294520938302215,Low
10_2,2.0,19467.82856263577,0.5642602030282027,2.0,0.04255319148845632,0.8738934642254377,0.4413807613322537,37.17207872783102,High
10_3,1.0,7283.6429359042795,0.34543893112829344,1.0,0.02127659574422816,0.7869120852248497,0.7231947360529816,39.13508706501653,High
10_4,0.0,0.0,0.5849569002614328,0.0,0.0,0.0,0.4147260469151107,8.294520938302215,Low
10_5,7.0,8656.739452693486,0.6615930153092341,7.0,0.14893617020959712,0.8021915289335212,0.316028475142223,37.833123881329946,High
10_6,2.0,4712.577454070461,0.7393000084106576,2.0,0.04255319148845632,0.7483942184675284,0.21595174860018418,28.898521100452353,Medium
10_7,0.0,0.0,0.5849569002614328,0.0,0.0,0.0,0.4147260469151107,8.294520938302215,Low
10_8,8.0,17465.310396116554,0.5741783165383477,8.0,0.17021276595382528,0.8642896190426976,0.4286074922357107,43.011476713686406,Very High
10_9,6.0,10509.552753029478,0.5384412324123652,6.0,0.12765957446536896,0.8193503979629989,0.47463231256066907,40.45613691337179,High
10_10,13.0,19724.53246076373,0.5974532854339895,13.0,0.27659574467496606,0.875052501568781,0.3986322917488845,48.05400811578943,Very High
10_11,11.0,26979.5224966749,0.45789827650942416,11.0,0.23404255318650974,0.9027650191741394,0.5783613985937054,50.35230620642377,Very High
10_12,2.0,1552.2719962292222,0.8266088031176219,2.0,0.04255319148845632,0.6501723949020085,0.10350912247515132,23.703013870986098,Medium
10_13,14.0,12866.675553561374,0.7228587572321228,14.0,0.29787234041919425,0.8372536171989172,0.23712598958587816,44.7537453286448,Very High
10_14,9.0,9649.857173944447,0.659488963592898,9.0,0.19148936169805345,0.8118000049163873,0.3187382262192109,40.303232756778506,High
10_15,1.0,9037.98838619979,0.641599472591191,1.0,0.02127659574422816,0.8060045149402426,0.3417776159510637,32.07951755443996,Medium
10_16,2.0,11654.2989297102,0.3088857195365277,2.0,0.04255319148845632,0.8284977139361095,0.7702706247819125,42.388003488144356,High
10_17,0.0,0.0,0.5849569002614328,0.0,0.0,0.0,0.4147260469151107,8.294520938302215,Low
11_0,0.0,0.0,0.5849569002614328,0.0,0.0,0.0,0.4147260469151107,8.294520938302215,Low
11_1,0.0,0.0,0.5849569002614328,0.0,0.0,0.0,0.4147260469151107,8.294520938302215,Low
11_2,0.0,0.0,0.5849569002614328,0.0,0.0,0.0,0.4147260469151107,8.294520938302215,Low
11_3,0.0,0.0,0.5849569002614328,0.0,0.0,0.0,0.4147260469151107,8.294520938302215,Low
11_4,3.0,3196.925396747352,0.7045982044365919,3.0,0.06382978723268448,0.7140682838753859,0.2606432597270557,29.826403072436918,Medium
11_5,4.0,6026.984806965716,0.5779453935343563,4.0,0.08510638297691264,0.7701576169446387,0.42375597605491744,35.83516717828314,High
11_6,2.0,2790.797619663113,0.5327508303738417,2.0,0.04255319148845632,0.7020510318545512,0.4819608268422638,32.82840706690463,High
11_7,9.0,16590.09020080865,0.5729854914193374,9.0,0.19148936169805345,0.8597409555675373,0.43014369931931085,43.96957073831501,Very High
11_8,7.0,32837.6746460376,0.4488222996265514,7.0,0.14893617020959712,0.9201508952065868,0.5900501027933855,46.85233742254517,Very High
11_9,2.0,7138.495667567246,0.5548173776619538,2.0,0.04255319148845632,0.7851312817953876,0.4535419197331313,34.75243642294708,High
11_10,5.0,5422.884796837431,0.6381015611331594,5.0,0.10638297872114079,0.7608139335350048,0.3462824811437857,35.069216564982895,High
11_11,10.0,22543.421025480682,0.5538971647833668,10.0,0.21276595744228158,0.8868713056202642,0.45472703691416305,46.33897777900526,Very High
11_12,2.0,2826.958515522615,0.687120109612952,2.0,0.04255319148845632,0.7031897337642874,0.28315282349126214,28.88640805717668,Medium
11_13,21.0,35878.295884992185,0.6597280723834719,21.0,0.44680851062879134,0.9279862382510434,0.31843028450002964,56.54861836897147,Very High
11_14,4.0,5579.622890831849,0.4599213195557745,4.0,0.08510638297691264,0.7633346015891119,0.5757559763832728,38.67047672418445,High
11_15,13.0,11967.73087761241,0.5945505281694544,13.0,0.27659574467496606,0.8308457086137109,0.4023706740152222,46.802571972464065,Very High
11_16,0.0,0.0,0.5849569002614328,0.0,0.0,0.0,0.4147260469151107,8.294520938302215,Low
11_17,1.0,3808.8320826799213,0.5477954026350642,1.0,0.02127659574422816,0.7295598706646842,0.46258533071203556,32.20233252139265,High
12_0,0.0,0.0,0.5849569002614328,0.0,0.0,0.0,0.4147260469151107,8.294520938302215,Low
12_1,0.0,0.0,0.5849569002614328,0.0,0.0,0.0,0.4147260469151107,8.294520938302215,Low
12_2,0.0,0.0,0.5849569002614328,0.0,0.0,0.0,0.4147260469151107,8.294520938302215,Low
12_3,0.0,0.0,0.5849569002614328,0.0,0.0,0.0,0.4147260469151107,8.294520938302215,Low
12_4,0.0,0.0,0.5849569002614328,0.0,0.0,0.0,0.4147260469151107,8.294520938302215,Low
12_5,0.0,0.0,0.5849569002614328,0.0,0.0,0.0,0.4147260469151107,8.294520938302215,Low
12_6,0.0,0.0,0.5849569002614328,0.0,0.0,0.0,0.4147260469151107,8.294520938302215,Low
12_7,0.0,0.0,0.5849569002614328,0.0,0.0,0.0,0.4147260469151107,8.294520938302215,Low
12_8,1.0,672.8435449442105,0.6297558095439948,1.0,0.02127659574422816,0.5762796583625146,0.3570307480145226,25.4928344983773,Medium
12_9,3.0,4719.161872765931,0.7132452750602081,3.0,0.06382978723268448,0.7485177324093879,0.24950693225315845,30.637159978979028,Medium
12_10,10.0,25404.51232895032,0.6015011385988199,10.0,0.21276595744228158,0.8974429429885213,0.39341917156380235,45.42996959304577,Very High
12_11,12.0,46978.91031252298,0.45680245802221814,12.0,0.2553191489307379,0.9518372740286231,0.579772673470095,52.916529136797486,Very High
12_12,17.0,24060.315626779902,0.5567800918451707,17.0,0.3617021276518787,0.8926330209495928,0.45101419342749993,53.88438087963172,Very High
12_13,13.0,24932.40945254608,0.5943363602952959,13.0,0.27659574467496606,0.8957832497881384,0.4026464950053392,48.75621462749924,Very High
12_14,3.0,1716.100902148235,0.729141394829587,3.0,0.06382978723268448,0.6590447574958318,0.2290347512080977,27.54352711067113,Medium
12_15,12.0,19980.84926086675,0.581996842198648,12.0,0.2553191489307379,0.8761948384483418,0.4185382253237029,47.42256710646121,Very High
12_16,0.0,0.0,0.5849569002614328,0.0,0.0,0.0,0.4147260469151107,8.294520938302215,Low
12_17,0.0,0.0,0.5849569002614328,0.0,0.0,0.0,0.4147260469151107,8.294520938302215,Low
13_0,0.0,0.0,0.5849569002614328,0.0,0.0,0.0,0.4147260469151107,8.294520938302215,Low
13_1,0.0,0.0,0.5849569002614328,0.0,0.0,0.0,0.4147260469151107,8.294520938302215,Low
13_2,0.0,0.0,0.5849569002614328,0.0,0.0,0.0,0.4147260469151107,8.294520938302215,Low
13_3,0.0,0.0,0.5849569002614328,0.0,0.0,0.0,0.4147260469151107,8.294520938302215,Low
13_4,0.0,0.0,0.5849569002614328,0.0,0.0,0.0,0.4147260469151107,8.294520938302215,Low
13_5,0.0,0.0,0.5849569002614328,0.0,0.0,0.0,0.4147260469151107,8.294520938302215,Low
13_6,0.0,0.0,0.5849569002614328,0.0,0.0,0.0,0.4147260469151107,8.294520938302215,Low
13_7,0.0,0.0,0.5849569002614328,0.0,0.0,0.0,0.4147260469151107,8.294520938302215,Low
13_8,0.0,0.0,0.5849569002614328,0.0,0.0,0.0,0.4147260469151107,8.294520938302215,Low
13_9,1.0,2244.575701226338,0.6096646083429434,1.0,0.02127659574422816,0.6827865116919153,0.38290566053204045,29.20553834860968,Medium
13_10,0.0,0.0,0.5849569002614328,0.0,0.0,0.0,0.4147260469151107,8.294520938302215,Low
13_11,0.0,0.0,0.5849569002614328,0.0,0.0,0.0,0.4147260469151107,8.294520938302215,Low
13_12,0.0,0.0,0.5849569002614328,0.0,0.0,0.0,0.4147260469151107,8.294520938302215,Low
13_13,0.0,0.0,0.5849569002614328,0.0,0.0,0.0,0.4147260469151107,8.294520938302215,Low
13_14,1.0,1756.3373418709032,0.723735072610937,1.0,0.02127659574422816,0.6610942045763942,0.23599740680291414,25.616604060561514,Medium
13_15,5.0,6068.367411742486,0.714854802193556,5.0,0.10638297872114079,0.7707629738987355,0.24743406595944129,33.390719472207934,High
13_16,5.0,13481.4611952693,0.4330224704446115,5.0,0.10638297872114079,0.841383160349039,0.6103982738053322,42.76860922263486,High
13_17,1.0,3021.260820060969,0.7351028611092464,1.0,0.02127659574422816,0.7090693355331228,0.22135714065018597,26.763052666208814,Medium
14_0,0.0,0.0,0.5849569002614328,0.0,0.0,0.0,0.4147260469151107,8.294520938302215,Low
14_1,0.0,0.0,0.5849569002614328,0.0,0.0,0.0,0.4147260469151107,8.294520938302215,Low
14_2,0.0,0.0,0.5849569002614328,0.0,0.0,0.0,0.4147260469151107,8.294520938302215,Low
14_3,0.0,0.0,0.5849569002614328,0.0,0.0,0.0,0.4147260469151107,8.294520938302215,Low
14_4,0.0,0.0,0.5849569002614328,0.0,0.0,0.0,0.4147260469151107,8.294520938302215,Low
14_5,0.0,0.0,0.5849569002614328,0.0,0.0,0.0,0.4147260469151107,8.294520938302215,Low
14_6,0.0,0.0,0.5849569002614328,0.0,0.0,0.0,0.4147260469151107,8.294520938302215,Low
14_7,2.0,8488.570278814193,0.40382848578559105,2.0,0.04255319148845632,0.8004559408219276,0.6479964139827539,39.10126607873572,High
14_8,0.0,0.0,0.5849569002614328,0.0,0.0,0.0,0.4147260469151107,8.294520938302215,Low
14_9,2.0,190.63900145321423,0.9010066631711628,2.0,0.04255319148845632,0.4650244198601763,0.007694138537049255,16.232274940969088,Medium
14_10,1.0,12157.495071696054,0.18967988059280036,1.0,0.02127659574422816,0.8322375770244622,0.9237925881220072,44.50680886038542,Very High
14_11,1.0,5669.17897955547,0.6412928741865436,1.0,0.02127659574422816,0.7647432517780033,0.3421724757117557,30.84957685478662,Medium
14_12,0.0,0.0,0.5849569002614328,0.0,0.0,0.0,0.4147260469151107,8.294520938302215,Low
14_13,2.0,5974.098791126417,0.2992403608436173,2.0,0.04255319148845632,0.7693779068190525,0.782692620355083,40.86284918609605,High
14_14,0.0,0.0,0.5849569002614328,0.0,0.0,0.0,0.4147260469151107,8.294520938302215,Low
14_15,2.0,3796.6838221284806,0.5742749051891665,2.0,0.04255319148845632,0.7292772825174669,0.42848309833486276,32.57564001664408,High
14_16,0.0,0.0,0.5849569002614328,0.0,0.0,0.0,0.4147260469151107,8.294520938302215,Low
14_17,0.0,0.0,0.5849569002614328,0.0,0.0,0.0,0.4147260469151107,8.294520938302215,Low
15_0,0.0,0.0,0.5849569002614328,0.0,0.0,0.0,0.4147260469151107,8.294520938302215,Low
15_1,0.0,0.0,0.5849569002614328,0.0,0.0,0.0,0.4147260469151107,8.294520938302215,Low
15_2,0.0,0.0,0.5849569002614328,0.0,0.0,0.0,0.4147260469151107,8.294520938302215,Low
15_3,0.0,0.0,0.5849569002614328,0.0,0.0,0.0,0.4147260469151107,8.294520938302215,Low
15_4,0.0,0.0,0.5849569002614328,0.0,0.0,0.0,0.4147260469151107,8.294520938302215,Low
15_5,0.0,0.0,0.5849569002614328,0.0,0.0,0.0,0.4147260469151107,8.294520938302215,Low
15_6,0.0,0.0,0.5849569002614328,0.0,0.0,0.0,0.4147260469151107,8.294520938302215,Low
15_7,0.0,0.0,0.5849569002614328,0.0,0.0,0.0,0.4147260469151107,8.294520938302215,Low
15_8,0.0,0.0,0.5849569002614328,0.0,0.0,0.0,0.4147260469151107,8.294520938302215,Low
15_9,0.0,0.0,0.5849569002614328,0.0,0.0,0.0,0.4147260469151107,8.294520938302215,Low
15_10,0.0,0.0,0.5849569002614328,0.0,0.0,0.0,0.4147260469151107,8.294520938302215,Low
15_11,0.0,0.0,0.5849569002614328,0.0,0.0,0.0,0.4147260469151107,8.294520938302215,Low
15_12,0.0,0.0,0.5849569002614328,0.0,0.0,0.0,0.4147260469151107,8.294520938302215,Low
15_13,0.0,0.0,0.5849569002614328,0.0,0.0,0.0,0.4147260469151107,8.294520938302215,Low
15_14,0.0,0.0,0.5849569002614328,0.0,0.0,0.0,0.4147260469151107,8.294520938302215,Low
15_15,0.0,0.0,0.5849569002614328,0.0,0.0,0.0,0.4147260469151107,8.294520938302215,Low
15_16,0.0,0.0,0.5849569002614328,0.0,0.0,0.0,0.4147260469151107,8.294520938302215,Low
15_17,0.0,0.0,0.5849569002614328,0.0,0.0,0.0,0.4147260469151107,8.294520938302215,Low
16_0,0.0,0.0,0.5849569002614328,0.0,0.0,0.0,0.4147260469151107,8.294520938302215,Low
16_1,0.0,0.0,0.5849569002614328,0.0,0.0,0.0,0.4147260469151107,8.294520938302215,Low
16_2,0.0,0.0,0.5849569002614328,0.0,0.0,0.0,0.4147260469151107,8.294520938302215,Low
16_3,0.0,0.0,0.5849569002614328,0.0,0.0,0.0,0.4147260469151107,8.294520938302215,Low
16_4,0.0,0.0,0.5849569002614328,0.0,0.0,0.0,0.4147260469151107,8.294520938302215,Low
16_5,0.0,0.0,0.5849569002614328,0.0,0.0,0.0,0.4147260469151107,8.294520938302215,Low
16_6,0.0,0.0,0.5849569002614328,0.0,0.0,0.0,0.4147260469151107,8.294520938302215,Low
16_7,0.0,0.0,0.5849569002614328,0.0,0.0,0.0,0.4147260469151107,8.294520938302215,Low
16_8,0.0,0.0,0.5849569002614328,0.0,0.0,0.0,0.4147260469151107,8.294520938302215,Low
16_9,0.0,0.0,0.5849569002614328,0.0,0.0,0.0,0.4147260469151107,8.294520938302215,Low
16_10,1.0,3276.3216792640874,0.6288152660972027,1.0,0.02127659574422816,0.7162382249164264,0.3582420483823372,29.715817502350944,Medium
16_11,0.0,0.0,0.5849569002614328,0.0,0.0,0.0,0.4147260469151107,8.294520938302215,Low
16_12,0.0,0.0,0.5849569002614328,0.0,0.0,0.0,0.4147260469151107,8.294520938302215,Low
16_13,0.0,0.0,0.5849569002614328,0.0,0.0,0.0,0.4147260469151107,8.294520938302215,Low
16_14,0.0,0.0,0.5849569002614328,0.0,0.0,0.0,0.4147260469151107,8.294520938302215,Low
16_15,0.0,0.0,0.5849569002614328,0.0,0.0,0.0,0.4147260469151107,8.294520938302215,Low
16_16,0.0,0.0,0.5849569002614328,0.0,0.0,0.0,0.4147260469151107,8.294520938302215,Low
16_17,0.0,0.0,0.5849569002614328,0.0,0.0,0.0,0.4147260469151107,8.294520938302215,Low
17_0,0.0,0.0,0.5849569002614328,0.0,0.0,0.0,0.4147260469151107,8.294520938302215,Low
17_1,0.0,0.0,0.5849569002614328,0.0,0.0,0.0,0.4147260469151107,8.294520938302215,Low
17_2,0.0,0.0,0.5849569002614328,0.0,0.0,0.0,0.4147260469151107,8.294520938302215,Low
17_3,0.0,0.0,0.5849569002614328,0.0,0.0,0.0,0.4147260469151107,8.294520938302215,Low
17_4,0.0,0.0,0.5849569002614328,0.0,0.0,0.0,0.4147260469151107,8.294520938302215,Low
17_5,0.0,0.0,0.5849569002614328,0.0,0.0,0.0,0.4147260469151107,8.294520938302215,Low
17_6,0.0,0.0,0.5849569002614328,0.0,0.0,0.0,0.4147260469151107,8.294520938302215,Low
17_7,0.0,0.0,0.5849569002614328,0.0,0.0,0.0,0.4147260469151107,8.294520938302215,Low
17_8,0.0,0.0,0.5849569002614328,0.0,0.0,0.0,0.4147260469151107,8.294520938302215,Low
17_9,0.0,0.0,0.5849569002614328,0.0,0.0,0.0,0.4147260469151107,8.294520938302215,Low
17_10,0.0,0.0,0.5849569002614328,0.0,0.0,0.0,0.4147260469151107,8.294520938302215,Low
17_11,0.0,0.0,0.5849569002614328,0.0,0.0,0.0,0.4147260469151107,8.294520938302215,Low
17_12,0.0,0.0,0.5849569002614328,0.0,0.0,0.0,0.4147260469151107,8.294520938302215,Low
17_13,0.0,0.0,0.5849569002614328,0.0,0.0,0.0,0.4147260469151107,8.294520938302215,Low
17_14,0.0,0.0,0.5849569002614328,0.0,0.0,0.0,0.4147260469151107,8.294520938302215,Low
17_15,0.0,0.0,0.5849569002614328,0.0,0.0,0.0,0.4147260469151107,8.294520938302215,Low
17_16,0.0,0.0,0.5849569002614328,0.0,0.0,0.0,0.4147260469151107,8.294520938302215,Low
17_17,0.0,0.0,0.5849569002614328,0.0,0.0,0.0,0.4147260469151107,8.294520938302215,Low
